{
  "params": {
    "beta0": 0.70232620473622,
    "beta1": 0.276235972746722,
    "sigma2": 5.995663033789843,
    "s00": 0.025766170020100912,
    "s01": -0.02758706792298297,
    "s11": 0.029796818264060585,
    "n": 8
  }
}